DATE,OPEN,CLOSE,HIGH,LOW,LTP,VOLUME,VALUE,NO OF TRADES
2024-01-25,618.5,612.75,623.8,606.25,615.0,22684904,13893936068.05,295756
2024-01-24,609.95,618.3,622.35,603.1,618.0,19221835,11836460488.35,274606
2024-01-23,627.0,605.1,634.9,600.65,606.0,30954343,19002405937.25,409569
2024-01-20,629.0,631.4,633.8,624.1,631.0,9886760,6218702860.5,133765
2024-01-19,633.0,627.75,635.5,624.7,628.7,11675202,7349140974.3,208754
2024-01-18,625.8,628.3,633.45,619.05,628.5,14695436,9220794332.4,239183
2024-01-17,624.0,626.0,636.8,623.0,626.45,30016308,18868396654.85,428458
2024-01-16,640.0,636.9,644.9,633.45,637.55,15025543,9612187789.45,253396
2024-01-15,638.9,640.1,645.5,636.1,640.8,16844018,10784099571.95,300031
2024-01-12,623.8,633.6,636.5,621.1,635.25,16620797,10480104627.65,302558
2024-01-11,626.0,620.2,627.15,618.5,621.25,15533860,9659792551.1,284550
2024-01-10,624.8,621.75,625.3,618.2,622.0,12742464,7927674893.1,213657
2024-01-09,632.0,625.4,634.35,624.5,625.95,13400235,8438088899.05,236123
2024-01-08,640.0,627.0,645.0,625.05,627.9,14739531,9337325175.95,336839
2024-01-05,645.0,641.95,651.75,637.75,641.45,15984585,10310453920.0,272662
2024-01-04,642.5,642.75,646.4,638.65,643.6,13883388,8926355539.75,271568
2024-01-03,639.35,643.45,648.0,635.8,644.5,14571772,9372732858.9,252225
2024-01-02,641.35,639.45,648.0,633.85,639.2,15164482,9712346967.95,249803
2024-01-01,642.2,641.35,646.9,638.0,638.1,8295548,5341716373.3,257804
2023-12-29,645.5,642.05,649.6,639.55,641.7,13221898,8494932618.15,332467
2023-12-28,650.25,651.4,653.3,646.5,649.3,16982092,11046112701.5,301058
2023-12-27,640.75,648.55,649.45,639.0,648.65,14417646,9301972173.2,295473
2023-12-26,638.85,638.05,641.3,635.65,638.5,10153089,6489768989.95,298625
2023-12-22,644.75,636.75,649.4,635.15,637.2,14998068,9633365890.05,307210
2023-12-21,632.15,643.75,648.95,627.5,644.0,19915516,12726451072.85,347188
2023-12-20,658.7,636.45,660.4,633.95,634.55,22542056,14605196613.65,419233
2023-12-19,648.5,655.4,659.6,640.25,656.0,19964008,13034125974.85,384049
2023-12-18,646.65,648.5,655.65,642.4,647.6,16221796,10544832650.95,347590
2023-12-15,628.0,648.25,650.0,619.85,648.3,29813572,19023430389.9,433979
2023-12-14,626.0,623.65,627.75,622.4,623.65,15813797,9873663687.1,336921
2023-12-13,614.45,619.85,620.5,611.65,619.0,13977914,8622977354.1,279821
2023-12-12,617.0,612.4,617.95,610.8,612.05,14494836,8896194867.15,282774
2023-12-11,615.0,614.25,619.9,613.1,614.2,11706255,7210878840.8,285158
2023-12-08,610.0,614.15,616.8,605.35,614.5,17722136,10822316306.2,294891
2023-12-07,610.0,611.7,612.55,605.0,611.5,10725706,6539746289.5,248309
2023-12-06,614.0,608.45,614.0,604.55,607.7,21439069,13076949822.2,273409
2023-12-05,595.05,608.25,611.3,595.05,608.25,36430152,22090196336.45,432396
2023-12-04,588.0,594.7,596.0,584.55,595.9,26077882,15393175008.05,386859
2023-12-01,567.0,571.75,574.2,566.55,571.85,10614230,6069542121.05,189868
2023-11-30,569.75,564.75,570.2,563.65,565.15,19758998,11187929536.5,314822
2023-11-29,568.0,568.6,569.0,565.1,568.35,10299034,5845506569.15,206929
2023-11-28,563.6,564.45,565.2,561.1,564.8,8153314,4593727819.7,186090
2023-11-24,561.95,560.35,562.45,559.25,560.7,6529851,3660804948.55,155259
2023-11-23,561.75,559.95,563.5,558.3,560.5,6376210,3575282774.35,198344
2023-11-22,562.95,558.95,564.5,555.15,559.5,14909071,8334245035.5,247815
2023-11-21,566.0,561.5,566.65,561.0,561.4,14280013,8041232058.75,223495
2023-11-20,564.0,563.75,566.8,560.6,563.5,12714585,7179613743.45,264832
2023-11-17,574.5,563.05,574.5,562.1,562.9,37173221,21045979976.3,682644
2023-11-16,584.7,584.65,588.0,582.9,584.1,8622660,5047671165.75,179964
2023-11-15,587.25,584.7,588.0,582.6,584.0,11397676,6666856921.25,221182
2023-11-13,581.0,581.35,582.5,575.2,581.3,11282362,6529178380.05,177978
2023-11-12,584.75,581.3,584.75,580.1,580.85,1947722,1133273076.55,53935
2023-11-10,577.8,579.5,581.0,575.4,580.25,6773038,3919567928.9,119792
2023-11-09,581.0,578.35,581.85,576.5,577.6,12434363,7190409015.15,167584
2023-11-08,581.9,580.3,582.6,579.0,580.4,15434808,8960148835.65,391419
2023-11-07,574.8,579.75,581.2,572.6,580.35,17923281,10348172706.1,466280
2023-11-06,582.0,574.35,582.5,573.25,573.95,16499138,9498482029.95,330138
2023-11-03,576.0,578.15,579.5,573.45,579.15,11371371,6565279355.45,205720
2023-11-02,571.1,572.1,575.45,567.6,572.0,11148516,6367849377.0,212716
2023-11-01,566.25,566.4,569.65,563.85,567.3,13575575,7699515897.65,240220
2023-10-31,567.0,565.55,569.5,563.15,565.95,13039696,7385312631.25,236664
2023-10-30,563.0,565.2,566.7,556.5,566.2,8593704,4832188898.35,191150
2023-10-27,550.0,561.15,562.5,550.0,561.7,10415296,5816877868.95,210599
2023-10-26,551.45,547.0,552.9,543.2,547.0,19424825,10630651336.6,317445
2023-10-25,558.6,556.2,560.8,553.6,556.6,12134624,6767161161.25,262171
2023-10-23,563.1,552.95,566.0,551.0,552.4,11875035,6642319960.75,263251
2023-10-20,569.9,563.1,570.0,562.1,562.8,11110988,6279375187.5,282726
2023-10-19,569.8,571.2,574.0,567.0,571.3,11441499,6532150778.6,239777
2023-10-18,577.75,572.65,579.25,569.35,572.75,11777454,6751531244.1,270057
2023-10-17,577.7,576.45,579.95,575.3,576.7,10765224,6216466935.7,269728
2023-10-16,576.0,575.65,578.75,571.5,575.5,11290293,6503388837.6,485503
2023-10-13,577.75,576.15,581.3,574.8,576.2,19064577,11001625403.05,465129
2023-10-12,590.8,586.05,593.0,585.0,585.6,11983797,7050377951.75,171954
2023-10-11,596.9,588.35,597.0,587.6,588.9,14220119,8409571970.95,209131
2023-10-10,587.0,591.65,595.0,585.75,591.2,10373508,6127406833.2,250192
2023-10-09,588.0,585.1,589.0,581.55,584.55,9189597,5371608921.2,235554
2023-10-06,593.4,594.25,598.95,592.2,594.0,8216780,4889295417.95,187684
2023-10-05,590.0,592.15,594.35,587.1,592.0,13248028,7832000311.45,209600
2023-10-04,600.0,586.25,600.45,584.45,585.2,24914612,14709773963.6,308578
2023-10-03,596.6,602.95,604.9,589.6,603.1,15322196,9156985818.05,245784
2023-09-29,592.85,598.55,600.0,591.3,598.3,12189735,7279947317.4,224164
2023-09-28,591.25,589.95,595.2,588.85,590.5,21960816,12986961371.85,287488
2023-09-27,593.45,589.75,594.3,588.2,590.0,9865347,5827826886.25,232626
2023-09-26,594.0,594.4,595.0,591.25,594.45,8327427,4944809375.45,185873
2023-09-25,601.5,594.05,601.5,590.45,593.95,9712784,5777109828.2,262285
2023-09-22,593.5,598.15,602.0,591.4,598.7,18784139,11235213845.05,295166
2023-09-21,600.0,588.15,606.6,584.65,587.9,23453425,13914625160.45,425490
2023-09-20,600.85,601.1,606.8,599.4,601.0,21314600,12848060287.55,351772
2023-09-18,598.8,603.95,608.4,597.05,603.0,19305055,11683085228.8,336027
2023-09-15,599.35,598.8,600.7,595.2,598.05,11756389,7033062065.15,182595
2023-09-14,598.45,597.3,603.7,595.2,596.6,13178911,7891138917.75,260528
2023-09-13,588.4,596.45,598.0,583.45,596.35,19377172,11475963581.8,279643
2023-09-12,593.65,588.35,594.25,584.65,587.6,16093060,9469853287.9,254109
2023-09-11,587.0,591.7,592.3,585.35,591.25,10946134,6459550843.3,271751
2023-09-08,581.0,583.45,588.5,579.7,583.4,14032068,8202779359.95,205241
2023-09-07,568.0,579.05,581.0,568.0,580.6,12390597,7132078107.95,180550
2023-09-06,574.25,570.5,574.25,568.0,570.95,20609936,11759100652.1,337013
2023-09-05,575.6,573.0,578.25,571.35,572.95,14444729,8292019922.2,247672
2023-09-04,572.0,575.55,576.35,568.45,575.6,12108655,6936698350.4,195524
2023-09-01,562.7,569.55,571.2,562.1,569.5,18121168,10284701912.55,260408
2023-08-31,569.3,561.35,570.3,559.4,562.15,27898476,15746686711.25,326854
2023-08-30,576.7,567.4,577.7,566.1,567.5,15281416,8739616795.9,245036
2023-08-29,573.65,574.85,576.3,571.85,575.25,13144855,7545323890.4,232951
2023-08-28,572.8,572.85,574.8,569.2,573.1,9711932,5553705392.9,181649
2023-08-25,573.8,569.95,575.3,567.2,569.7,12271885,7009692537.0,198589
2023-08-24,578.15,576.95,582.0,575.55,577.0,24131644,13948078521.65,321952
2023-08-23,571.0,576.9,577.95,566.0,576.3,18579297,10639620981.45,260827
2023-08-22,572.5,568.5,574.45,567.5,568.2,14073413,8030760756.35,194890
2023-08-21,572.95,571.7,575.55,570.75,571.3,9380810,5372733325.4,154325
2023-08-18,570.0,572.95,575.25,567.4,571.15,18253227,10437030633.7,296911
2023-08-17,565.75,572.15,573.15,564.0,571.75,27910162,15875489835.2,338178
2023-08-16,558.8,565.35,566.4,554.0,565.05,15725767,8862034153.75,190829
2023-08-14,572.95,560.8,573.0,558.6,561.0,28084093,15767694753.0,478707
2023-08-11,575.45,574.15,579.0,572.0,574.5,18221179,10483783178.0,263372
2023-08-10,573.75,573.65,577.6,570.1,574.0,27325801,15666566522.25,421225
2023-08-09,575.0,573.75,575.0,568.35,573.65,15769111,9006504554.1,247711
2023-08-08,571.0,573.1,574.25,568.45,573.7,25038671,14310553091.45,353947
2023-08-07,577.0,567.9,577.0,566.65,568.35,32736325,18643967967.55,424649
2023-08-04,594.8,573.3,598.7,571.4,573.2,52725616,30735973949.65,568761
2023-08-03,598.7,590.5,600.85,585.0,591.25,27774877,16408864220.8,320867
2023-08-02,609.85,598.45,610.5,594.1,598.8,14977497,9010947970.4,273820
2023-08-01,620.2,611.85,620.85,610.6,612.4,13493453,8286225481.95,199918
2023-07-31,616.65,620.2,621.0,614.5,619.0,8605483,5326128162.15,124305
2023-07-28,616.4,616.05,619.9,613.6,616.0,11930586,7356236982.1,161432
2023-07-27,616.4,616.55,621.25,613.1,617.0,17444742,10757320781.55,226610
2023-07-26,612.0,615.15,616.35,609.15,614.4,9999125,6134401476.75,172572
2023-07-25,621.8,609.6,621.8,604.2,609.9,18503305,11294899424.1,282970
2023-07-24,615.05,617.65,621.9,614.3,617.9,11756364,7268033560.6,202347
2023-07-21,610.0,615.1,619.5,609.0,615.35,21040281,12961208006.4,278392
2023-07-20,601.4,610.05,610.8,598.75,610.0,34038351,20664179322.85,418329
2023-07-19,594.65,601.45,602.4,592.0,600.85,17556585,10502435041.0,229380
2023-07-18,603.05,592.35,604.05,588.75,592.5,25757209,15378020448.05,356474
2023-07-17,587.0,601.1,602.85,584.2,602.0,19378986,11525151182.85,255411
2023-07-14,586.75,584.4,591.3,580.7,584.85,12190152,7130226704.3,191652
2023-07-13,594.9,585.65,598.0,583.35,586.0,20024503,11850804940.95,292405
2023-07-12,589.0,589.25,594.5,588.2,589.6,16029716,9470654030.5,227576
2023-07-11,595.0,588.55,595.95,587.35,589.35,13221177,7818663062.75,224137
2023-07-10,594.65,592.6,599.8,590.25,591.6,11417363,6794859601.0,175959
2023-07-07,590.0,593.6,595.5,585.5,592.5,11707209,6912413770.85,220036
2023-07-06,590.4,592.5,593.5,589.1,592.25,11323509,6700679504.1,188528
2023-07-05,589.8,590.6,593.7,588.2,591.25,13598114,8029706202.95,271617
2023-07-04,588.2,589.25,595.95,582.25,588.9,24799250,14640854129.2,350400
2023-07-03,574.5,585.45,586.35,573.9,585.4,15421985,8964144325.9,211446
2023-06-30,574.0,572.85,574.0,570.2,572.35,8718232,4989442645.4,155913
2023-06-28,572.25,569.8,574.0,568.55,571.0,18028934,10297658917.65,243601
2023-06-27,558.25,566.1,567.95,555.65,567.3,10694768,5995785528.2,211284
2023-06-26,556.0,557.05,558.5,554.5,557.35,8360264,4654618050.3,164198
2023-06-23,562.0,554.6,562.1,553.8,555.45,12215712,6802803838.55,218058
2023-06-22,566.35,562.95,569.0,561.05,562.9,14979063,8457457302.25,199200
2023-06-21,567.4,566.35,569.5,565.65,566.3,14946871,8481784144.45,219147
2023-06-20,568.85,567.4,569.45,562.55,568.0,14549152,8231166324.45,216416
2023-06-19,571.25,568.85,572.75,565.9,569.2,17903691,10174491934.45,213062
2023-06-16,568.75,571.25,574.7,567.05,570.0,12660226,7225083719.5,178755
2023-06-15,576.0,566.5,576.7,565.25,566.75,17934877,10249589135.9,232221
2023-06-14,577.0,576.55,578.55,575.25,576.35,8948696,5163047228.7,122388
2023-06-13,579.45,576.4,581.4,574.25,576.35,12612098,7270079551.55,198530
2023-06-12,580.0,578.65,581.5,577.7,578.55,8786066,5090356083.85,129364
2023-06-09,588.0,578.7,589.1,576.75,578.8,18870272,10960050604.8,253490
2023-06-08,589.95,588.5,593.95,586.35,588.0,15971917,9442724430.85,140988
2023-06-07,588.0,589.2,590.6,586.0,588.8,11113781,6540371617.5,170307
2023-06-06,588.0,585.35,588.9,583.0,586.0,11199940,6554543425.95,140444
2023-06-05,588.5,587.2,589.8,586.0,587.0,12920507,7595473740.25,143514
2023-06-02,584.7,587.2,588.9,583.0,586.6,11323908,6640901519.45,157397
2023-06-01,581.8,582.75,586.4,581.0,583.05,17820226,10407510474.15,170662
2023-05-31,583.8,579.85,584.8,577.5,581.0,28797643,16733958686.45,209733
2023-05-30,595.0,592.8,595.5,591.5,592.95,15031640,8922277742.6,156739
2023-05-29,590.0,595.0,596.4,588.05,594.6,18432231,10939616927.3,323484
2023-05-26,581.25,586.0,587.75,580.55,585.75,9788076,5727306518.3,117540
2023-05-25,582.0,581.25,582.9,577.0,580.7,16479436,9559118791.75,151117
2023-05-24,579.8,582.7,585.25,578.25,582.0,17616658,10271655251.5,158808
2023-05-23,578.9,581.6,583.7,576.8,580.3,16120548,9360557915.4,154666
2023-05-22,577.5,577.15,580.3,573.45,576.55,21484049,12398869154.95,205172
2023-05-19,579.0,575.15,586.25,569.9,575.65,42293962,24364273546.75,351340
2023-05-18,590.3,574.2,593.9,571.4,576.35,45656620,26617635078.25,403645
2023-05-17,586.0,586.3,590.5,579.5,587.2,23739774,13883395488.5,251054
2023-05-16,584.0,586.3,590.4,582.0,585.95,22178229,12997134028.5,233142
2023-05-15,578.75,581.9,584.0,574.65,582.05,11410243,6633367008.5,176477
2023-05-12,574.7,578.15,580.75,571.55,578.1,11319335,6529101795.5,148890
2023-05-11,572.2,573.45,580.0,572.0,573.7,16016715,9203123584.55,183896
2023-05-10,575.0,572.2,575.0,563.25,572.15,18561315,10559052709.1,223302
2023-05-09,585.0,573.5,586.45,572.1,573.7,18959065,10936167606.4,247801
2023-05-08,577.65,583.6,587.6,577.35,584.6,12990869,7561157898.55,159186
2023-05-05,580.2,576.5,588.25,575.05,576.45,18163461,10585937155.0,182941
2023-05-04,570.2,580.0,580.8,568.5,579.45,12533761,7231105959.65,155082
2023-05-03,570.65,570.5,575.0,569.0,569.9,9699527,5550786227.05,151234
2023-05-02,580.0,575.3,580.85,573.15,574.4,13667511,7892586303.3,272846
2023-04-28,567.8,578.3,580.45,565.5,576.1,16183423,9259124491.9,172070
2023-04-27,565.0,564.75,567.4,561.1,564.45,17845169,10065343831.2,213129
2023-04-26,562.0,566.35,567.0,556.45,567.0,23143882,13022469078.5,195651
2023-04-25,555.0,561.8,567.9,555.0,561.35,38142390,21448999021.65,250488
2023-04-24,543.8,554.6,555.55,543.5,553.8,23335611,12845592513.85,210456
2023-04-21,545.0,543.15,546.4,539.7,542.3,22599418,12256795887.05,188920
2023-04-20,541.2,544.8,545.45,536.65,544.35,25588577,13857634831.9,146793
2023-04-19,544.0,540.3,547.5,538.25,539.4,21156372,11494763710.95,142208
2023-04-18,545.35,545.85,548.5,540.5,545.25,22283456,12151654395.5,218269
2023-04-17,528.0,544.0,545.0,528.0,544.4,32476990,17508792556.85,229953
2023-04-13,529.3,532.95,534.25,527.15,533.4,28597560,15168246670.05,168188
2023-04-12,533.2,528.2,534.0,526.0,529.15,21292441,11277564811.0,170950
2023-04-11,530.85,532.1,535.7,527.15,532.5,26414406,14080836565.45,176416
2023-04-10,529.25,526.3,530.4,524.4,525.7,17335453,9140693489.7,138261
2023-04-06,524.0,527.65,533.7,521.65,527.7,25125879,13282981142.75,232693
2023-04-05,527.0,523.0,527.6,519.05,523.5,13574801,7093806223.3,174172
2023-04-03,524.75,526.75,528.5,522.1,525.6,14210949,7474113454.4,137769
2023-03-31,520.65,523.75,524.9,519.35,523.0,17356345,9061133003.0,210617
2023-03-29,509.0,516.5,518.0,506.3,517.0,24203789,12397477065.0,216794
2023-03-28,511.45,508.1,511.75,503.85,509.0,15833599,8042852927.3,199721
2023-03-27,507.0,510.15,514.15,501.55,509.0,15674218,7982618562.65,224703
2023-03-24,514.5,505.35,514.95,503.45,505.5,14416984,7356153435.65,194898
2023-03-23,519.4,512.75,521.0,511.5,512.0,22097792,11429112837.45,261069
2023-03-22,522.2,521.55,527.0,520.1,521.55,11619538,6084288023.15,155900
2023-03-21,522.0,521.85,523.45,516.45,521.75,29485180,15341948084.5,295453
2023-03-20,526.6,519.2,526.6,515.0,520.0,14275315,7408542782.55,251690
2023-03-17,528.65,529.8,531.6,520.1,531.0,18787379,9892576528.7,185372
2023-03-16,518.4,524.5,529.35,514.3,525.65,20040008,10441335063.95,290873
2023-03-15,529.8,517.55,532.0,515.55,517.8,11282329,5917258639.8,252252
2023-03-14,527.65,525.4,532.8,520.0,526.0,14750800,7742294996.9,262481
2023-03-13,547.0,530.0,553.15,528.45,529.95,14373729,7726310525.7,211599
2023-03-10,553.1,547.35,554.95,545.0,547.65,11522371,6318923508.05,223557
2023-03-09,564.75,558.9,565.75,558.0,558.7,8993423,5050951266.7,129019
2023-03-08,560.0,564.8,565.5,556.45,564.0,12637578,7092600028.6,163357
2023-03-06,564.9,561.7,567.9,559.0,561.8,16162268,9107045455.25,199841
2023-03-03,542.0,561.2,564.3,541.75,561.0,27656538,15426880804.45,301105
2023-03-02,535.95,533.75,539.9,532.5,534.5,10376913,5556284341.95,150813
2023-03-01,523.25,536.7,537.4,523.1,536.25,13510198,7192717063.95,247974
2023-02-28,527.25,522.8,528.45,521.05,522.45,15768010,8262022278.8,138340
2023-02-27,521.1,527.7,529.8,519.0,527.5,11048799,5805988068.6,175532
2023-02-24,524.2,521.05,527.5,517.6,521.5,12253035,6399175579.85,174036
2023-02-23,516.95,521.0,524.0,511.35,522.85,15535085,8059838424.75,209593
2023-02-22,520.75,516.35,521.9,512.5,516.75,14763050,7626522439.5,279932
2023-02-21,527.1,523.45,528.95,522.4,523.8,10223218,5371849834.55,201064
2023-02-20,532.0,525.15,533.95,522.15,525.45,12570032,6624234423.9,207013
2023-02-17,538.5,531.0,539.65,527.75,530.65,14192008,7554622361.75,220159
2023-02-16,546.85,540.1,546.85,538.5,539.3,12767016,6922854433.1,219926
2023-02-15,540.0,542.25,544.65,536.8,542.8,12796579,6926957648.5,207687
2023-02-14,539.95,540.85,544.6,530.75,541.0,18559909,9965143466.4,221342
2023-02-13,554.0,537.5,556.9,533.3,537.1,18488732,9978135518.8,248043
2023-02-10,546.5,553.05,557.25,546.5,552.9,13824475,7656154646.75,179516
2023-02-09,552.0,550.8,552.0,542.8,551.0,15061047,8258388340.35,147809
2023-02-08,550.0,549.75,554.5,545.5,550.75,15502847,8522903102.05,244248
2023-02-07,548.0,547.1,551.4,541.05,546.2,16195947,8856378573.7,343935
2023-02-06,558.8,545.4,558.8,536.55,543.9,25338586,13815625569.5,266976
2023-02-03,536.0,544.2,545.95,519.15,545.7,32317232,17297009476.05,444091
2023-02-02,520.2,528.1,532.65,502.5,532.1,39287056,20504207140.65,471242
2023-02-01,561.4,527.35,565.0,499.35,527.0,38218810,20692138679.1,498247
2023-01-31,545.0,553.5,557.0,537.85,556.95,21911943,12069723500.85,284762
2023-01-30,536.0,538.2,554.35,525.2,541.25,40797825,21907160847.25,590951
2023-01-27,568.0,539.95,568.55,532.25,542.0,40163464,22012948569.6,501251
2023-01-25,595.85,568.7,595.85,567.4,568.5,25686294,14751042028.8,441882
2023-01-24,603.5,594.35,604.6,593.05,593.95,7609623,4550101925.85,143693
2023-01-23,598.5,600.45,601.75,592.95,601.0,6604469,3958919244.8,122483
2023-01-20,593.8,592.2,596.6,590.8,592.95,6750607,4009374692.95,114106
2023-01-19,591.0,589.85,591.75,587.55,589.7,7475688,4407407361.6,159313
2023-01-18,595.9,591.45,597.15,587.6,591.0,11538075,6826073685.45,187691
2023-01-17,603.0,592.95,606.0,586.05,593.4,13461999,7995508779.4,179000
2023-01-16,603.0,603.0,606.1,600.6,603.2,5483191,3307558082.15,114056
2023-01-13,597.9,600.1,602.9,593.65,600.7,7877610,4716567188.3,122377
2023-01-12,597.9,594.9,597.9,590.1,594.95,8183715,4857601333.75,195861
2023-01-11,596.45,596.7,599.5,592.25,597.0,7419630,4427502701.85,120446
2023-01-10,608.45,595.15,609.0,590.6,595.5,10622660,6332208142.65,187602
2023-01-09,605.0,607.7,609.0,600.1,608.45,8878905,5381251510.2,160223
2023-01-06,607.4,600.65,607.45,597.0,601.0,7972036,4795747048.6,154179
2023-01-05,607.0,605.1,611.6,601.95,605.75,8241475,4992982082.0,146571
2023-01-04,611.85,605.2,614.95,604.0,605.6,7011191,4260969479.35,113548
2023-01-03,614.5,612.4,616.6,610.0,612.95,6818062,4181258078.2,122799
2023-01-02,614.95,612.2,619.2,611.2,612.6,6726084,4132615299.65,125418
2022-12-30,615.25,613.7,620.55,611.35,614.25,13052895,8033100347.05,158347
2022-12-29,600.0,611.8,618.0,597.15,614.05,20130392,12242524564.7,168187
2022-12-28,600.9,601.05,607.0,598.55,601.0,7988631,4816651444.45,143945
2022-12-27,600.4,601.9,603.1,593.3,602.0,9638618,5765912745.95,206219
2022-12-26,574.0,597.1,601.7,570.7,597.1,13201587,7784134332.2,210003
2022-12-23,590.0,574.0,590.7,571.5,573.1,13047046,7561431125.75,226901
2022-12-22,597.0,593.4,599.0,587.55,592.0,8740149,5178437456.55,136417
2022-12-21,605.9,593.4,609.15,589.6,594.3,9217253,5527195688.5,145768
2022-12-20,603.0,604.45,606.5,599.55,605.3,6753785,4070154751.5,128701
2022-12-19,604.0,604.45,609.5,603.0,605.5,8322012,5041268364.25,149442
2022-12-16,612.0,603.35,615.6,602.1,604.35,9435071,5734914585.6,160875
2022-12-15,625.55,615.95,629.55,614.3,614.7,10622271,6606176441.8,148853
2022-12-14,618.5,625.5,626.75,617.5,625.3,14010673,8735884073.65,187174
2022-12-13,613.5,616.75,617.4,612.5,616.8,7455415,4588404579.4,162670
2022-12-12,614.8,613.05,618.7,611.0,612.35,9285187,5698647281.15,135955
2022-12-09,614.4,616.5,618.0,609.1,617.0,11202267,6876434227.3,169991
2022-12-08,609.75,611.65,613.8,607.15,612.25,10020015,6123608626.5,146277
2022-12-07,610.85,607.05,612.9,604.5,606.95,7613892,4628904222.25,113416
2022-12-06,614.75,608.95,619.8,607.8,609.3,12996244,7970503352.0,190699
2022-12-05,608.5,617.3,618.0,607.55,616.7,11585602,7114164816.2,210728
2022-12-02,607.5,607.55,609.6,604.25,607.6,7533838,4575252955.95,142901
2022-12-01,607.85,608.1,609.8,601.55,608.0,14209313,8606271146.8,172004
2022-11-30,608.5,602.45,611.4,598.4,602.95,15606230,9412010412.2,174362
2022-11-29,607.1,608.55,611.8,607.1,608.1,6942919,4230494096.3,121735
2022-11-28,605.6,608.6,610.9,602.35,608.0,7934274,4808229149.85,121851
2022-11-25,610.55,607.4,613.7,606.25,607.2,9994513,6089640965.5,136359
2022-11-24,609.75,609.35,611.3,605.8,609.6,8960032,5454395604.45,128229
2022-11-23,601.55,607.65,609.6,601.0,607.1,12435924,7542386457.5,171897
2022-11-22,598.15,599.1,600.7,596.15,599.0,8048595,4817532263.45,126028
2022-11-21,602.1,598.1,602.1,595.35,598.0,7412419,4435509514.55,135865
2022-11-18,601.0,602.7,605.75,597.15,602.05,12933675,7774746404.45,155935
2022-11-17,599.1,599.05,602.75,596.15,598.45,8167131,4895433201.45,114824
2022-11-16,599.95,599.75,603.5,596.0,599.0,11555749,6939489693.9,168811
2022-11-15,594.3,600.85,602.1,592.65,601.5,10286417,6148169628.95,153811
2022-11-14,603.95,592.55,603.95,591.65,592.5,12957268,7723573323.3,227415
2022-11-11,617.25,601.3,619.55,598.5,600.0,15525267,9397103693.35,220631
2022-11-10,613.1,605.75,615.1,602.2,605.05,11618405,7055030835.7,232699
2022-11-09,621.0,615.55,621.0,610.55,614.6,18939854,11649523009.9,302328
2022-11-07,613.0,614.15,622.7,607.7,613.8,44265903,27248449289.6,470162
2022-11-04,586.0,593.95,596.95,580.4,595.7,25759031,15137053924.2,302456
2022-11-03,569.0,584.9,587.95,568.0,584.15,17557998,10211388603.8,244825
2022-11-02,575.9,573.85,578.95,569.9,573.0,10241440,5886694998.95,142730
2022-11-01,576.35,576.9,585.75,574.6,576.0,12069579,6998554295.3,163499
2022-10-31,574.95,573.8,577.45,568.4,573.5,9894639,5667560387.8,139535
2022-10-28,579.95,570.75,582.65,567.0,571.8,10043644,5751515569.95,144061
2022-10-27,583.95,579.65,585.0,577.6,579.1,13613533,7905525313.35,209377
2022-10-25,572.5,578.55,586.2,568.0,577.0,19899324,11507427412.85,215376
2022-10-24,567.0,570.5,572.5,565.9,572.15,3692065,2102464996.35,63147
2022-10-21,557.25,560.85,565.8,557.25,561.65,11767639,6621648120.8,198859
2022-10-20,552.0,555.4,556.8,545.3,555.5,11225588,6196328573.95,134915
2022-10-19,563.0,553.4,563.45,551.55,553.75,9540583,5298845388.7,137573
2022-10-18,547.1,562.45,563.5,546.75,562.4,20440781,11409791394.1,245391
2022-10-17,526.4,543.65,544.7,524.2,543.2,13485349,7264515862.55,208408
2022-10-14,530.2,527.2,534.85,526.0,527.8,8545479,4529375083.5,144578
2022-10-13,533.0,521.45,533.8,520.2,521.9,12972765,6816438201.85,166849
2022-10-12,530.0,533.8,535.0,526.0,535.0,8522604,4517236010.0,121592
2022-10-11,530.75,527.4,533.7,525.5,527.0,10825440,5730463472.65,159970
2022-10-10,525.7,530.75,533.9,522.2,531.4,9649292,5096052558.9,191653
2022-10-07,535.5,530.2,535.6,526.55,531.0,11065307,5860624159.5,185698
2022-10-06,534.6,537.3,541.8,534.6,537.35,9507322,5119102137.6,183101
2022-10-04,533.0,532.7,535.8,527.8,532.95,8745887,4656244525.45,128142
2022-10-03,527.6,519.75,531.65,518.5,518.95,9351162,4909456239.05,141130
2022-09-30,524.0,530.6,536.9,516.15,531.55,17466950,9225477677.2,199404
2022-09-29,529.0,521.75,535.7,519.55,524.0,17310168,9090986645.6,215284
2022-09-28,532.9,524.85,539.8,520.35,523.5,12233485,6510284800.4,183919
2022-09-27,544.55,536.5,550.9,533.2,538.0,11066799,6002626270.3,154979
2022-09-26,545.8,543.3,549.0,533.0,545.3,16158750,8747941723.25,274214
2022-09-23,564.8,550.6,568.0,549.5,550.9,12563239,6979215908.2,282839
2022-09-22,566.75,567.3,574.0,562.0,567.5,11869435,6734594427.3,181550
2022-09-21,575.0,569.7,577.3,565.4,569.0,9392526,5357998661.95,174676
2022-09-20,577.95,574.05,577.95,572.85,573.6,8484017,4882536374.35,176912
2022-09-19,560.7,572.25,574.4,559.55,572.5,11194003,6375398054.4,163866
2022-09-16,569.1,561.8,574.0,560.3,562.5,14739280,8321982741.65,231709
2022-09-15,572.55,572.15,578.5,567.9,571.5,12749947,7312060768.8,224387
2022-09-14,550.0,571.75,574.85,549.25,572.3,21632641,12282852152.3,301335
2022-09-13,560.0,558.0,560.0,553.75,557.1,16707275,9318085634.25,148044
2022-09-12,554.9,554.9,558.6,551.25,554.95,9677415,5377080074.6,127479
2022-09-09,549.65,553.35,557.0,548.0,551.95,18587927,10289692790.2,267586
2022-09-08,536.0,544.65,546.3,535.5,545.25,12240707,6628912370.75,141256
2022-09-07,534.4,532.85,537.45,531.55,532.1,8445359,4511895645.9,106610
2022-09-06,538.0,537.8,542.7,534.1,537.3,8657868,4670346677.0,108579
2022-09-05,537.0,538.9,540.8,536.3,538.75,7819994,4216330099.55,106157
2022-09-02,537.0,536.7,537.85,531.25,535.0,10017930,5363164755.2,124824
2022-09-01,522.25,533.3,540.9,522.25,534.25,16670228,8919650119.4,218023
2022-08-30,518.2,531.25,532.5,517.95,531.0,14835308,7838353166.55,166014
2022-08-29,511.3,514.85,517.0,508.75,515.0,9421339,4838957049.45,143380
2022-08-26,523.8,523.8,529.5,522.2,524.3,12855886,6751514077.25,128630
2022-08-25,521.95,520.4,528.3,518.5,520.15,15473450,8106540162.8,167210
2022-08-24,519.0,519.3,523.0,512.3,520.4,11930650,6178850761.4,143063
2022-08-23,508.25,521.9,524.0,508.25,523.0,8597965,4448995522.9,130274
2022-08-22,519.0,511.3,519.9,510.0,511.1,9676954,4965152207.8,165588
2022-08-19,532.0,520.35,533.65,518.5,520.05,11087222,5800622525.65,146387
2022-08-18,526.85,532.35,534.8,526.2,532.0,9013662,4791385825.2,120443
2022-08-17,528.85,528.15,530.55,524.35,527.8,12054183,6351246080.75,159055
2022-08-16,533.3,525.95,533.85,525.0,526.6,10721167,5657979793.75,145707
2022-08-12,525.7,530.7,531.8,525.15,531.0,12154012,6438750910.6,160036
2022-08-11,520.0,524.75,526.0,517.2,524.5,13862195,7232693557.9,192485
2022-08-10,521.55,514.7,523.5,513.4,513.9,16904151,8730379353.15,247601
2022-08-08,524.0,520.4,524.0,513.85,520.1,32566317,16869712451.35,416603
2022-08-05,535.55,531.05,542.9,529.0,532.35,21110734,11342675873.75,205564
2022-08-04,543.65,533.25,544.0,524.2,532.3,18072293,9631594662.25,201817
2022-08-03,541.9,540.85,546.4,534.65,540.5,24262125,13151082595.4,253745
2022-08-02,531.9,542.1,544.9,531.1,540.0,16845027,9119556236.75,230932
2022-08-01,529.05,533.75,535.0,526.4,533.35,8295631,4415816994.75,124805
2022-07-29,535.05,528.35,537.0,526.75,527.65,11921058,6315998165.4,144306
2022-07-28,533.2,532.45,537.5,529.55,532.15,12160734,6475654215.2,215225
2022-07-27,515.3,528.2,529.95,512.25,528.35,15101546,7885450134.35,333000
2022-07-26,517.7,514.2,520.8,513.1,513.7,8862656,4577000715.15,168343
2022-07-25,513.4,517.8,519.0,509.15,516.25,10229778,5262242658.25,153553
2022-07-22,513.45,513.7,520.2,511.2,511.9,14699129,7588186570.15,244781
2022-07-21,509.8,512.05,513.4,506.75,511.1,13814893,7066028812.7,196106
2022-07-20,501.0,508.6,510.6,500.4,507.4,19280117,9784217298.85,254529
2022-07-19,488.0,497.95,498.55,488.0,497.9,11724183,5798451759.05,130777
2022-07-18,484.55,490.3,491.5,482.1,489.6,9934786,4841501119.4,178323
2022-07-15,482.55,479.1,484.4,474.7,478.7,6945602,3322054772.0,120161
2022-07-14,486.6,479.35,488.9,476.8,480.3,9385630,4524120598.85,151617
2022-07-13,487.75,486.5,492.45,484.55,486.2,8208853,4008106035.85,129820
2022-07-12,485.0,484.95,491.35,483.1,483.4,7364457,3598704148.85,108367
2022-07-11,485.0,488.2,491.3,485.0,488.05,7704792,3765716046.15,94857
2022-07-08,489.0,488.55,489.9,485.15,488.45,9057231,4414856472.4,162363
2022-07-07,484.0,486.75,488.25,481.6,486.9,11497832,5579593687.8,173806
2022-07-06,475.15,479.95,481.0,473.9,480.55,12059857,5766832535.75,179395
2022-07-05,475.15,472.15,480.0,471.0,472.55,12003244,5713384767.95,143727
2022-07-04,466.85,473.45,474.15,466.85,473.95,9186358,4322793774.1,115285
2022-07-01,463.35,466.85,468.8,460.55,468.5,9405495,4374195289.05,116790
2022-06-30,459.0,465.9,469.3,458.6,465.6,16926328,7880439985.75,186175
2022-06-29,460.0,459.1,462.7,458.0,458.95,11800876,5434914241.85,107588
2022-06-28,458.9,464.25,465.75,458.0,464.75,13261290,6137031012.35,168906
2022-06-27,459.95,461.2,464.85,458.05,461.55,9509175,4385421054.0,103487
2022-06-24,455.8,454.25,460.35,453.2,454.55,10833364,4939643608.55,127154
2022-06-23,449.0,451.4,456.45,446.0,451.25,12229833,5523391671.25,157832
2022-06-22,448.75,447.65,451.2,444.65,447.05,11066447,4954585919.8,111722
2022-06-21,439.5,450.75,454.95,437.6,451.0,13801891,6179936791.15,178846
2022-06-20,441.5,434.7,443.45,430.7,434.65,12368534,5403153186.35,172757
2022-06-17,440.0,441.0,447.55,437.25,442.5,14326050,6347137199.65,167655
2022-06-16,455.15,441.6,457.75,440.15,441.15,10780703,4834445595.35,139788
2022-06-15,448.95,451.35,455.45,448.6,450.25,9920926,4490231934.55,119413
2022-06-14,445.0,448.1,449.25,443.35,448.0,11351101,5067902738.85,136687
2022-06-13,454.0,445.85,454.05,442.1,446.1,13426836,5989284598.4,203861
2022-06-10,462.0,461.85,464.15,458.6,462.1,8621104,3979479308.5,127828
2022-06-09,468.95,466.95,470.9,462.45,467.2,12635601,5887439316.6,158259
2022-06-08,466.6,471.3,475.55,463.2,471.0,17168871,8079264816.6,192002
2022-06-07,461.85,463.4,465.95,460.5,463.95,7672515,3551990864.45,108268
2022-06-06,464.2,463.7,465.6,456.5,463.6,10661432,4924334007.85,137662
2022-06-03,473.25,464.5,475.5,463.5,465.0,11306291,5315646218.95,114757
2022-06-02,466.9,469.85,472.35,466.15,470.0,9370989,4401383675.1,114087
2022-06-01,468.0,468.3,472.0,464.7,469.25,9424008,4416955450.55,119346
2022-05-31,474.0,468.1,476.4,465.0,467.6,15441579,7274761527.75,149463
2022-05-30,473.0,474.6,476.9,471.1,474.8,9365470,4439626587.15,151679
2022-05-27,471.4,468.95,475.0,467.5,468.0,10977001,5166782867.5,160651
2022-05-26,456.85,468.9,470.1,452.5,469.6,17055257,7846911655.75,208123
2022-05-25,461.0,454.1,464.45,452.05,453.45,12728644,5839499480.45,154093
2022-05-24,462.4,462.05,466.8,460.2,463.0,17175179,7957058574.6,139005
2022-05-23,463.1,460.9,471.4,459.5,461.0,13499415,6285493530.75,170499
2022-05-20,454.85,462.4,464.0,454.15,462.5,13596860,6263239735.25,151413
2022-05-19,449.05,447.5,450.0,444.45,449.0,14201420,6353183667.3,223399
2022-05-18,467.9,458.0,468.6,457.1,458.25,15644497,7245121118.3,205591
2022-05-17,458.3,467.3,469.65,456.15,467.45,16880698,7809801121.7,206674
2022-05-16,445.0,455.0,461.5,438.85,456.0,27940958,12711054077.2,283950
2022-05-13,469.45,444.65,477.0,439.75,440.5,61403008,28360528047.6,595336
2022-05-12,473.0,462.65,473.0,456.35,462.7,18947096,8768075747.5,314035
2022-05-11,475.25,476.55,479.0,463.65,478.4,14771351,6963938211.0,241751
2022-05-10,477.0,475.2,482.55,473.5,474.0,10884328,5202612034.7,183663
2022-05-09,477.1,475.9,483.7,473.8,476.45,13544947,6471855072.45,170758
2022-05-06,471.0,483.95,486.1,471.0,485.5,16710020,7999171104.8,216166
2022-05-05,485.0,480.0,494.0,478.65,480.0,14130385,6883760406.35,185153
2022-05-04,492.0,479.65,496.45,477.5,478.5,14645323,7135245642.5,221907
2022-05-02,492.65,491.0,495.0,481.3,490.9,18590895,9060263031.45,232328
2022-04-29,508.1,496.3,512.5,494.0,495.9,12894773,6493703529.65,143518
2022-04-28,499.15,507.5,510.0,496.5,507.7,12154792,6114331932.3,134713
2022-04-27,500.0,497.25,502.8,491.85,497.85,12367342,6143829183.05,142885
2022-04-26,499.0,505.5,507.9,498.45,505.5,12137213,6120898078.0,158992
2022-04-25,495.0,494.75,499.2,490.05,495.0,14057444,6959299074.05,186190
2022-04-22,512.9,500.6,513.5,499.0,499.5,16760456,8465127370.95,208796
2022-04-21,513.4,516.3,518.0,512.2,516.9,10035638,5170807462.7,108987
2022-04-20,512.0,509.3,513.7,507.0,509.2,11881305,6061830257.65,153556
2022-04-19,513.25,511.8,520.95,505.1,506.6,20362934,10507079159.65,240810
2022-04-18,512.0,509.5,515.0,504.0,510.1,14492183,7383507123.1,206832
2022-04-13,514.3,517.7,520.9,513.75,517.7,15440525,7983987949.4,150224
2022-04-12,512.75,512.85,516.7,504.35,512.5,14460680,7379318523.1,179734
2022-04-11,513.5,514.9,522.0,513.2,515.0,12370288,6410859873.85,181292
2022-04-08,519.5,516.1,519.5,512.35,516.1,13572638,7004926248.3,142230
2022-04-07,510.05,514.95,519.9,510.05,516.55,19620958,10106455922.15,193008
2022-04-06,507.0,513.95,515.2,506.0,512.75,13738275,7016507642.0,156632
2022-04-05,514.4,509.4,516.4,507.7,508.0,13602384,6970682174.05,152569
2022-04-04,509.3,512.4,514.9,506.0,512.2,16257176,8314232026.45,198168
2022-04-01,491.0,508.2,509.75,491.0,508.0,18527226,9326126941.05,197319
2022-03-31,494.3,493.55,497.55,492.2,493.3,10240982,5063610021.25,124653
2022-03-30,499.3,494.3,500.4,492.3,493.0,16461225,8174331159.8,196570
2022-03-29,500.0,495.0,501.4,491.7,495.5,14301429,7093976888.55,149505
2022-03-28,490.95,497.5,498.6,481.95,497.75,16738684,8229888608.85,201945
2022-03-25,491.75,490.7,493.3,486.6,491.8,11541196,5655597136.55,145141
2022-03-24,485.0,487.1,494.8,483.5,486.9,18174877,8895507386.05,191083
2022-03-23,498.5,490.65,502.4,489.2,489.95,15800195,7823206413.75,168550
2022-03-22,490.6,493.7,495.8,477.25,495.1,26157969,12720246447.95,264129
2022-03-21,502.0,490.6,502.0,489.0,490.25,19064060,9404735444.25,224101
2022-03-17,499.0,501.9,503.5,498.3,501.0,22947673,11503533276.5,221065
2022-03-16,493.0,492.75,494.3,489.4,491.95,16211288,7979296625.65,172261
2022-03-15,489.0,485.85,490.5,480.65,485.0,27204899,13211211846.75,300344
2022-03-14,471.0,485.15,486.0,470.55,485.5,27750689,13332216131.55,275270
2022-03-11,466.4,470.35,474.8,462.0,470.85,22091309,10387624187.45,219456
2022-03-10,469.9,468.7,476.65,461.65,467.4,34553299,16238198015.45,328612
2022-03-09,442.0,451.7,454.3,438.55,452.3,32331325,14402086959.4,347913
2022-03-08,438.0,440.3,442.1,425.0,440.0,42510207,18468217945.75,431966
2022-03-07,447.5,440.3,453.95,433.45,441.15,33720472,14832043226.3,474609
2022-03-04,460.3,461.95,470.9,457.65,462.45,20684268,9597616194.8,271479
2022-03-03,480.0,467.4,483.4,464.6,466.65,20358590,9577747166.6,255355
2022-03-02,478.0,474.25,479.8,467.0,475.0,22003848,10409916776.85,319620
2022-02-28,476.9,483.2,485.3,473.1,483.7,18069367,8668636657.3,240076
2022-02-25,480.0,482.95,491.9,479.3,483.75,21792287,10575686869.05,245306
2022-02-24,480.0,472.65,487.95,468.0,470.85,32356037,15522908575.3,430597
2022-02-23,503.0,498.7,505.35,497.25,498.15,13899433,6968058858.15,174252
2022-02-22,500.9,498.4,505.3,495.5,497.9,27108772,13557096740.05,285946
2022-02-21,511.55,511.85,517.5,504.65,511.5,16866932,8632877138.25,186884
2022-02-18,510.1,515.3,520.9,510.1,515.0,15111223,7794991046.45,167187
2022-02-17,520.0,512.95,520.0,511.15,511.6,16408356,8454056421.8,183638
2022-02-16,526.5,516.7,528.0,514.0,515.0,19773807,10281277420.45,223564
2022-02-15,502.0,524.8,526.85,497.1,524.0,23842951,12170005170.25,270915
2022-02-14,515.0,501.4,515.6,499.7,500.25,26153332,13303247218.75,364555
2022-02-11,536.25,529.6,537.7,527.1,528.25,14607095,7774921814.25,177760
2022-02-10,537.1,540.55,543.95,534.4,540.3,18659370,10082567002.45,228387
2022-02-09,534.95,535.25,536.5,527.75,536.3,14856155,7914232904.95,191210
2022-02-08,535.5,531.35,537.65,519.0,530.4,26567546,14038348935.45,305464
2022-02-07,531.9,533.25,549.0,525.25,533.9,52289545,28146960844.85,564783
2022-02-04,542.15,530.3,546.4,527.3,529.45,25332894,13575988476.0,325989
2022-02-03,537.15,540.1,544.7,537.15,540.0,22717677,12290016550.35,323435
2022-02-02,536.65,539.8,544.25,531.35,539.65,21661864,11631191094.5,222610
2022-02-01,543.95,532.3,543.95,520.0,532.6,32245356,17205650890.2,330437
2022-01-31,529.0,538.3,540.9,527.05,537.95,28674232,15358865480.55,315416
2022-01-28,534.0,523.45,536.4,521.4,523.3,24715250,13093592191.65,310048
2022-01-27,503.55,528.95,530.85,503.2,529.0,35409230,18429506726.9,391838
2022-01-25,490.0,514.65,517.5,489.0,513.35,21791739,11058388452.7,290929
2022-01-24,502.4,494.15,506.8,488.0,493.7,20233933,10062560914.35,255220
2022-01-21,505.3,502.7,507.5,498.0,504.05,16947941,8527531247.25,215520
2022-01-20,516.0,511.4,519.15,508.0,511.0,17724642,9107052842.4,193420
2022-01-19,505.0,515.8,517.65,500.3,515.05,16079457,8178248303.4,190208
2022-01-18,514.0,506.8,517.45,505.0,507.4,12592506,6456195519.55,144399
2022-01-17,508.0,514.0,518.9,507.55,514.2,17422211,8978884449.1,230852
2022-01-14,509.0,508.35,510.35,505.15,507.75,8724574,4430518916.8,151240
2022-01-13,510.0,511.35,512.85,507.0,511.5,10450974,5333762558.5,160127
2022-01-12,509.9,510.25,513.5,508.5,509.95,14489616,7404903048.5,178769
2022-01-11,503.0,505.95,507.8,499.25,505.75,16107950,8121696006.4,214059
2022-01-10,493.35,503.65,504.95,492.5,504.75,15832274,7910180279.85,178755
2022-01-07,493.45,491.25,501.95,489.45,491.25,22746330,11268085856.65,254165
2022-01-06,487.7,491.7,494.4,485.4,491.35,18190843,8921514100.8,195393
2022-01-05,481.9,492.4,495.0,479.15,491.7,24694169,12087915535.95,240463
2022-01-04,472.5,483.5,484.7,471.05,483.75,23296671,11179852628.4,246431
2022-01-03,462.0,470.8,472.0,460.1,471.5,13124509,6131388321.75,168001
2021-12-31,454.25,460.45,461.4,453.1,460.2,10005842,4593371921.95,128788
2021-12-30,452.75,451.7,454.9,448.5,453.05,28879190,13045096929.05,198099
2021-12-29,461.0,454.4,462.15,451.4,453.2,11757303,5380869113.55,148597
2021-12-28,461.2,461.2,462.9,459.05,460.55,8832210,4072492143.05,111561
2021-12-27,453.7,458.05,460.5,450.55,459.4,8856482,4044023092.9,133445
2021-12-24,462.6,456.95,463.6,452.2,457.25,13221159,6033444238.0,139530
2021-12-23,461.0,461.8,465.0,457.75,460.7,14471377,6678004894.25,196406
2021-12-22,450.0,455.85,457.3,449.0,456.15,13102553,5944255120.25,170711
2021-12-21,457.05,446.0,458.25,444.5,447.3,16617447,7512089959.0,276029
2021-12-20,459.0,449.2,464.0,443.0,450.9,22336114,10043653287.2,401072
2021-12-17,480.05,467.8,481.4,466.5,468.3,12648603,5958794559.65,182619
2021-12-16,488.35,481.15,490.55,478.25,482.0,11107781,5363030502.9,138481
2021-12-15,490.0,484.8,491.0,483.5,484.35,8639835,4210628131.15,127451
2021-12-14,486.0,488.55,490.35,481.8,488.25,11642447,5665850327.65,152297
2021-12-13,497.75,487.8,500.45,486.35,488.5,14047645,6931947610.0,207621
2021-12-10,488.5,494.7,495.95,484.4,494.8,13261408,6493375283.0,148459
2021-12-09,492.3,488.65,493.5,486.1,487.8,12560970,6142560356.1,159836
2021-12-08,480.9,491.55,492.4,480.25,490.6,20397660,9942865186.3,237922
2021-12-07,469.2,476.7,479.7,469.2,476.85,13644942,6482189411.35,179255
2021-12-06,473.15,465.3,477.0,463.8,464.95,14353300,6757642219.95,187905
2021-12-03,475.75,473.15,481.5,470.05,471.95,16653993,7925628412.65,198060
2021-12-02,474.5,477.0,478.15,470.95,477.6,12962679,6153583482.7,189218
2021-12-01,464.45,475.3,477.25,464.0,475.9,17156956,8073474431.45,192988
2021-11-30,468.0,460.55,477.25,458.0,459.1,23026652,10759512051.1,283930
2021-11-29,470.0,465.1,477.75,454.3,466.2,22407465,10481942195.9,310952
2021-11-26,486.25,470.5,487.9,467.1,470.0,26305817,12495659021.25,379366
2021-11-25,490.0,490.55,495.45,486.3,492.0,12894211,6340926155.95,160207
2021-11-24,495.8,493.15,500.0,489.05,490.0,13963769,6929791180.6,194560
2021-11-23,485.25,493.05,495.4,480.0,492.8,20000371,9803758522.3,232054
2021-11-22,506.0,486.4,506.0,477.5,487.0,28800269,14084766587.35,383770
2021-11-18,499.1,503.8,506.2,492.3,503.35,22471070,11251912236.4,276780
2021-11-17,493.85,498.15,505.4,491.0,497.6,20488483,10250837191.3,275972
2021-11-16,507.4,495.1,507.4,493.5,494.25,19553216,9775879787.0,292914
2021-11-15,512.4,506.55,515.9,505.5,507.4,13328183,6785900980.1,186098
2021-11-12,512.0,511.35,513.0,502.7,510.95,19836221,10096685240.65,259734
2021-11-11,522.85,509.6,522.85,507.1,509.9,23086898,11864947886.35,404691
2021-11-10,525.55,524.4,528.5,521.5,523.7,15805538,8296660439.05,233636
2021-11-09,526.25,529.15,532.0,522.2,529.0,25451967,13446603285.85,263483
2021-11-08,534.45,523.25,534.45,516.45,523.6,36802110,19294923063.55,434185
2021-11-04,531.5,530.45,535.9,528.05,530.8,9796046,5213460589.8,154034
2021-11-03,524.0,527.65,542.3,515.2,530.9,80775924,42789906386.3,664904
2021-11-02,514.8,521.7,525.0,512.05,522.0,26797820,13914285754.45,292700
2021-11-01,508.5,515.7,516.95,501.0,515.3,20679604,10535440179.85,232409
2021-10-29,501.5,502.15,512.65,488.4,504.0,31355893,15762555971.95,374125
2021-10-28,519.6,501.35,520.55,497.6,503.7,28140401,14314957500.35,260970
2021-10-27,513.7,519.15,526.85,512.75,518.0,29463032,15353990567.3,301253
2021-10-26,507.6,512.55,518.2,507.6,512.75,21107457,10837079011.1,233424
2021-10-25,506.5,506.5,515.45,497.85,507.1,35619415,18119425930.15,383621
2021-10-22,504.6,502.95,508.7,500.0,502.5,24080485,12140356949.25,226890
2021-10-21,504.9,502.95,506.5,491.75,504.45,20808243,10411257991.5,237992
2021-10-20,488.8,499.9,507.5,483.1,501.2,34080545,17033273637.45,330756
2021-10-19,500.35,488.2,504.2,483.25,488.7,20645100,10249603940.75,222035
2021-10-18,494.0,497.95,501.0,491.7,496.95,20084248,9972248131.0,242361
2021-10-14,482.0,490.6,493.9,482.0,489.0,23431826,11466700420.4,285093
2021-10-13,486.15,481.7,486.15,478.0,480.3,17638983,8502569064.6,193982
2021-10-12,470.0,483.0,484.4,468.1,483.0,33763609,16112473783.15,358816
2021-10-11,460.0,469.25,474.95,458.65,470.0,20686981,9673941458.6,216624
2021-10-08,461.9,458.0,464.0,454.25,460.05,16521128,7570506024.8,203056
2021-10-07,462.1,457.9,464.0,457.1,458.8,9984651,4596945034.65,125318
2021-10-06,465.0,457.2,471.0,453.65,456.85,19056690,8810609278.2,212608
2021-10-05,462.0,464.7,469.0,458.7,463.7,16487568,7626535668.6,173621
2021-10-04,453.8,463.15,464.4,451.6,462.5,16246765,7465819749.15,165717
2021-10-01,448.5,451.65,455.55,443.8,452.0,14777309,6665106556.2,155872
2021-09-30,459.95,453.0,464.9,451.4,453.0,26530369,12118427234.5,263399
2021-09-29,441.85,460.0,462.3,439.1,459.7,38635938,17595781811.2,276232
2021-09-28,449.2,444.9,455.8,439.6,444.65,19241170,8626038318.15,199169
2021-09-27,444.9,446.6,450.55,442.25,446.0,11746892,5251571390.7,153034
2021-09-24,451.1,440.75,451.9,440.0,440.65,10731274,4763973709.0,131592
2021-09-23,442.4,449.8,451.15,442.05,450.0,20516770,9199216292.7,205927
2021-09-22,438.9,438.85,442.8,436.1,439.9,14321143,6292868435.2,163766
2021-09-21,440.15,438.8,441.35,432.65,439.55,17279588,7549077506.2,187042
2021-09-20,449.4,437.45,453.5,435.65,436.9,18376916,8174909143.45,224634
2021-09-17,468.0,454.1,471.9,450.35,453.25,41529478,19075457112.55,365811
2021-09-16,444.85,463.7,466.1,442.75,465.0,42637448,19433511482.4,389525
2021-09-15,433.0,443.85,445.0,431.45,444.2,22181568,9747550178.0,227051
2021-09-14,435.0,433.0,436.75,432.25,432.95,9981562,4335668388.45,119218
2021-09-13,430.1,432.85,433.8,428.8,432.95,9567921,4128785656.45,124293
2021-09-09,430.25,432.3,433.8,430.0,432.2,9662128,4173807712.9,107886
2021-09-08,429.0,431.35,435.4,427.35,431.7,22817464,9865128259.55,306026
2021-09-07,431.05,429.1,431.7,425.1,428.0,14928735,6396236608.45,144265
2021-09-06,432.0,431.05,433.85,430.05,431.0,10694099,4615618626.15,131557
2021-09-03,431.25,431.4,434.3,428.2,430.65,14233624,6137809348.35,157635
2021-09-02,431.4,429.75,433.5,427.75,429.6,14372717,6184755122.85,182837
2021-09-01,427.5,429.9,432.55,425.15,428.65,18776721,8064412306.75,196144
2021-08-31,423.85,426.05,427.0,418.7,425.6,26262421,11131712737.0,189725
2021-08-30,414.4,422.7,423.3,413.5,422.9,20308691,8521312628.15,161311
2021-08-27,410.35,412.45,414.35,407.5,411.5,15090541,6208696599.75,162131
2021-08-26,414.5,410.75,415.8,410.0,410.35,15897679,6559473493.75,153279
2021-08-25,419.0,416.25,421.3,414.3,416.15,16410980,6849511307.15,170349
2021-08-24,409.5,417.6,418.75,408.2,417.05,19012313,7891906524.2,233092
2021-08-23,411.1,409.5,413.0,401.25,408.6,26559937,10848384261.85,229422
2021-08-20,415.0,406.7,417.35,405.15,406.0,25541790,10499262407.3,286336
2021-08-18,422.15,419.7,424.35,418.0,418.9,17668574,7443717914.2,265793
2021-08-17,424.85,421.5,425.85,415.25,420.95,22957877,9655008395.45,258740
2021-08-16,430.0,424.85,434.0,424.0,424.2,17608693,7529192703.9,191627
2021-08-13,427.6,431.2,432.25,425.0,430.75,20908992,8956348219.45,212003
2021-08-12,430.0,427.15,430.45,425.0,427.6,16847144,7196700786.55,172042
2021-08-11,429.8,428.05,432.9,423.15,428.3,23827946,10192567476.45,224842
2021-08-10,434.4,426.45,436.4,421.7,426.25,27794251,11916512355.6,281618
2021-08-09,437.9,433.4,441.8,431.0,433.9,22196404,9685602143.75,205816
2021-08-06,443.7,435.65,447.0,434.0,437.2,38236066,16790995585.1,310897
2021-08-05,461.0,441.85,462.5,438.4,441.95,58595639,26212260206.4,468281
2021-08-04,448.65,456.95,467.45,441.5,456.15,129761158,59044184532.2,897920
2021-08-03,434.95,446.5,447.9,433.6,446.0,40922962,18078552075.5,334983
2021-08-02,434.75,434.9,436.7,431.8,434.35,16926025,7356522531.0,175314
2021-07-30,441.5,431.8,444.4,430.7,432.2,35196813,15296757751.15,285719
2021-07-29,426.0,441.55,443.6,425.5,443.1,35263606,15356644658.2,332592
2021-07-28,430.0,425.5,430.5,421.05,424.8,17636515,7495132310.75,188398
2021-07-27,424.15,429.95,433.25,424.0,429.2,24119619,10371485124.4,199224
2021-07-26,427.8,423.3,427.8,422.3,422.85,14037519,5956374245.2,153835
2021-07-23,422.9,428.9,429.95,419.5,428.5,17704661,7512471248.4,158647
2021-07-22,425.55,422.05,426.7,420.9,422.25,11799761,5005987056.25,145497
2021-07-20,427.0,420.9,427.0,418.9,421.0,14623321,6177886387.65,175334
2021-07-19,423.4,427.9,429.45,418.85,428.5,14426686,6146559784.55,142972
2021-07-16,432.0,430.0,432.5,427.45,430.6,8713863,3744068936.8,86998
2021-07-15,432.7,431.7,432.95,429.65,431.65,11030732,4760106624.2,126999
2021-07-14,429.0,431.05,432.3,426.4,431.2,12767351,5486702600.0,157944
2021-07-13,430.0,429.1,431.8,428.3,428.85,12831125,5516710771.2,116776
2021-07-12,426.5,427.45,430.25,424.6,427.6,12886781,5513982122.6,130234
2021-07-09,425.0,423.75,427.5,421.05,423.8,16844494,7139880273.85,158445
2021-07-08,432.8,424.45,435.4,422.1,424.5,21433043,9195494003.05,215558
2021-07-07,429.35,432.85,434.0,427.55,433.0,14473774,6238135697.6,130765
2021-07-06,431.7,429.75,436.5,428.2,429.3,20195278,8753557667.2,209939
2021-07-05,426.5,432.65,434.5,424.25,433.7,16483761,7064127126.6,153743
2021-07-02,420.3,424.4,425.4,419.0,424.8,16423811,6942676155.6,150826
2021-07-01,420.3,420.4,423.7,417.15,421.2,16161469,6803546370.85,146987
2021-06-30,423.0,419.2,424.9,418.3,419.0,18337773,7738632818.95,166062
2021-06-29,427.5,421.5,428.95,420.55,421.4,22275961,9444511274.1,199410
2021-06-28,430.7,426.75,433.15,424.55,426.45,29370660,12568132007.65,226087
2021-06-25,421.0,428.8,431.0,419.05,428.65,29886797,12732649206.1,237815
2021-06-24,420.35,417.2,422.75,416.3,418.25,19214547,8058956891.25,171615
2021-06-23,421.1,418.85,424.75,415.0,418.8,27564829,11592034058.25,219929
2021-06-22,423.0,418.65,425.45,417.3,418.25,28442965,12008122743.65,238271
2021-06-21,406.35,419.75,421.0,400.5,419.1,33128978,13632973916.95,300583
2021-06-18,423.9,412.9,423.9,402.65,414.5,45748727,18792431090.9,482106
2021-06-17,421.0,420.25,425.95,416.6,419.7,23048331,9726010019.75,218316
2021-06-16,428.0,425.95,432.75,425.0,425.6,19701175,8436971969.0,167477
2021-06-15,429.2,429.5,432.8,428.0,429.2,16413658,7064487784.3,162940
2021-06-14,427.0,430.35,432.45,416.7,430.0,30106015,12793122958.95,279081
2021-06-11,434.85,429.6,435.5,425.25,429.4,26831924,11538698028.75,211915
2021-06-10,424.9,432.25,433.3,422.4,432.4,27397712,11744708248.1,211924
2021-06-09,427.5,421.45,432.3,418.2,421.95,27784834,11852490465.3,241080
2021-06-08,432.25,427.2,432.5,424.0,427.4,31113823,13300300385.2,247824
2021-06-07,435.1,432.25,437.4,430.8,431.3,20201197,8783035451.0,174837
2021-06-04,437.5,433.6,441.9,431.75,434.3,36898769,16097084118.25,331404
2021-06-03,437.0,439.65,441.95,433.5,439.05,38909199,17015052405.35,281959
2021-06-02,430.8,437.25,437.95,429.15,437.2,38657806,16814912362.0,307884
2021-06-01,426.05,432.55,435.35,425.6,432.55,59299647,25547200109.15,442654
2021-05-31,421.0,424.35,426.0,418.0,424.5,38291043,16193457741.0,275082
2021-05-28,430.5,422.05,433.65,420.05,422.0,65137568,27778684365.6,423239
2021-05-27,413.7,425.2,429.1,412.0,426.8,73392997,30810699445.45,442431
2021-05-26,413.8,413.55,418.75,410.8,412.0,52357719,21751281756.7,339506
2021-05-25,415.1,412.35,415.5,408.5,414.1,56048127,23038372268.75,348160
2021-05-24,417.0,412.05,419.2,405.3,411.0,142964052,58865553601.7,846514
2021-05-21,390.0,401.2,404.4,378.0,404.0,192810772,75874786468.4,1121959
2021-05-20,387.0,384.55,387.8,382.0,386.8,42898608,16491290794.0,331759
2021-05-19,382.0,384.4,389.5,381.2,384.4,48189573,18583464470.15,346200
2021-05-18,390.0,382.25,392.55,380.05,382.95,70917710,27308236301.95,483711
2021-05-17,364.4,383.1,385.2,363.65,384.45,106555796,40161188120.65,654529
2021-05-14,370.0,360.45,372.5,359.55,360.6,51722170,18909331521.3,358985
2021-05-12,362.8,367.7,373.5,361.9,367.75,53436590,19674521565.3,320184
2021-05-11,356.85,364.65,366.4,354.75,364.1,41892770,15198570076.45,229841
2021-05-10,360.5,361.7,367.0,358.8,362.3,41739324,15146084237.05,260322
2021-05-07,357.5,358.25,362.0,353.0,358.0,38357618,13701812427.15,224225
2021-05-06,358.0,355.55,359.35,350.55,355.85,36294427,12866726597.1,217872
2021-05-05,356.5,355.4,357.45,348.0,356.45,40872501,14487350216.5,244000
2021-05-04,355.0,351.5,362.9,350.2,351.1,57749307,20647019838.0,342742
2021-05-03,349.6,350.6,352.5,341.4,351.45,43691860,15180552160.8,313847
2021-04-30,353.45,353.5,362.5,350.45,352.3,53832840,19224079313.3,296959
2021-04-29,365.0,359.4,369.95,355.5,357.45,63692926,23009457094.75,348461
2021-04-28,357.0,363.4,364.3,356.05,362.9,56696255,20503130461.7,337002
2021-04-27,344.0,353.05,354.95,342.4,354.2,46003023,16074590033.8,293357
2021-04-26,339.25,344.3,347.45,339.25,344.8,49234985,16998735563.0,306217
2021-04-23,331.65,336.45,339.9,331.65,335.4,44223940,14879885720.1,272666
2021-04-22,326.0,336.65,337.65,323.3,336.25,49105833,16338311319.5,279445
2021-04-20,335.1,329.5,339.9,326.7,329.4,41296147,13778454560.4,248595
2021-04-19,327.15,331.15,332.05,321.3,330.45,53304377,17396345606.0,396759
2021-04-16,343.0,339.9,345.5,338.65,339.55,37766793,12916560525.3,237384
2021-04-15,342.1,342.7,347.55,336.1,342.55,52992349,18107434663.3,325566
2021-04-13,332.0,341.0,342.25,330.5,341.25,49773360,16743865802.6,319183
2021-04-12,344.0,328.85,344.0,322.55,330.7,75501713,24907319137.55,579319
2021-04-09,354.4,353.0,364.5,351.2,352.95,46473100,16604696682.2,303846
2021-04-08,361.0,355.6,363.3,354.3,355.95,33370259,11968110091.25,221845
2021-04-07,351.25,358.55,363.2,347.6,358.2,48023602,17203160038.9,323113
2021-04-06,355.7,350.55,357.0,349.3,350.95,44147709,15588499051.85,273760
2021-04-05,367.5,353.55,369.2,349.05,354.0,51743981,18379797141.1,382160
2021-04-01,367.7,370.65,371.9,363.1,370.95,31883453,11703603342.1,201211
2021-03-31,360.3,364.3,367.85,357.95,364.5,38651025,14068275303.3,298129
2021-03-30,360.1,360.8,364.3,356.3,360.5,39407496,14209235599.6,340842
2021-03-26,360.0,357.2,362.0,354.55,358.5,40718848,14583200892.3,407233
2021-03-25,360.0,355.2,360.85,345.2,356.3,57495003,20297200346.2,438853
2021-03-24,368.5,359.85,369.05,358.65,360.1,42318999,15388574651.55,385721
2021-03-23,368.7,372.7,377.95,367.05,372.3,41032380,15267204770.7,304725
2021-03-22,372.0,367.0,372.8,363.5,367.6,28461974,10466193186.85,242100
2021-03-19,363.95,371.15,372.9,357.25,372.4,60309145,22088637777.6,400389
2021-03-18,371.5,367.1,375.0,361.1,368.2,39405038,14539539833.05,285769
2021-03-17,378.2,368.15,379.65,366.05,366.9,33143064,12374760126.65,298083
2021-03-16,385.6,378.55,387.85,376.1,378.9,38196452,14522681456.3,300656
2021-03-15,382.5,383.9,386.0,369.35,385.6,42722976,16044328007.4,414882
2021-03-12,391.7,381.1,393.2,377.5,381.1,35336355,13616221812.0,296998
2021-03-10,391.1,387.7,393.0,385.7,388.2,22677399,8803497252.15,187380
2021-03-09,393.45,387.6,394.9,382.25,387.9,28054083,10916775125.45,220873
2021-03-08,388.45,389.6,393.4,386.05,390.1,39147858,15248977633.6,297783
2021-03-05,395.0,383.65,395.0,378.1,385.35,72179228,27764314247.65,599426
2021-03-04,398.7,395.65,403.5,394.45,396.8,43603653,17418974266.05,285942
2021-03-03,396.5,405.05,408.9,396.0,404.7,46268223,18696486626.1,326940
2021-03-02,395.0,394.2,399.55,390.55,394.8,30534337,12043348694.15,249193
2021-03-01,395.1,394.95,397.7,391.0,395.2,29677890,11714476577.25,245987
2021-02-26,399.5,390.15,401.0,387.0,391.25,64450414,25385862094.55,536209
2021-02-25,411.0,407.25,414.9,406.55,407.4,46988836,19297289930.9,355281
2021-02-24,397.0,406.25,410.5,395.2,407.7,39632090,16014688399.65,340087
2021-02-23,392.0,395.6,399.7,389.0,395.6,45462768,17978202667.4,342766
2021-02-22,400.6,389.5,401.0,385.65,387.95,52535049,20610338694.55,443311
2021-02-19,415.0,399.55,415.0,395.0,400.6,66155518,26797082795.65,479710
2021-02-18,425.05,415.2,427.7,413.7,415.25,67154539,28138820418.0,583049
2021-02-17,403.0,411.75,414.85,400.15,413.4,74161370,30446129688.4,499222
2021-02-16,412.0,402.35,415.75,400.3,402.9,80365431,32739856842.5,574557
2021-02-15,397.5,406.95,409.45,395.7,409.0,56608937,22817866647.7,439746
2021-02-12,391.0,393.15,399.35,385.55,392.95,53589755,21025151735.35,406441
2021-02-11,391.8,390.15,396.95,388.25,390.9,36392708,14251581159.75,263431
2021-02-10,394.05,392.25,397.9,388.0,393.15,54163507,21268236419.55,395057
2021-02-09,396.75,394.8,403.5,389.0,393.6,63869990,25334226190.8,473516
2021-02-08,398.0,397.05,407.8,394.75,395.85,79389205,31791940012.35,577218
2021-02-05,387.0,393.1,408.35,385.15,395.0,214955688,85490825741.15,1155236
2021-02-04,334.4,355.1,358.0,331.1,357.95,145203439,49821324982.7,799597
2021-02-03,333.75,335.95,339.9,325.8,335.75,66420168,22190882737.05,464739
2021-02-02,315.0,333.1,337.4,315.0,331.4,121434166,39573855924.2,696797
2021-02-01,285.1,310.7,313.9,282.75,313.0,103414068,31085667892.6,571788
2021-01-29,285.6,282.1,290.65,279.1,281.75,42300984,11991282593.15,257824
2021-01-28,271.9,282.35,283.35,269.5,282.9,48717297,13496676252.6,280797
